{
  "pi_estimate": 3.141772,
  "num_samples": 1000000,
  "inside_circle": 785443,
  "error": 0.00017934641020689313,
  "seed": 8,
  "elapsed_time": 5.04630184173584,
  "task_id": 8
}